,repo,year,month,day,hour,minutes,seconds,dates,weekday
0,/EtzionR/Cumulative-Heatmap-Calculation,2021,09,22,09,04,46,2021-09-22,Wednesday
1,/EtzionR/Cumulative-Heatmap-Calculation,2021,08,17,19,58,14,2021-08-17,Tuesday
2,/EtzionR/Cumulative-Heatmap-Calculation,2021,08,05,09,50,04,2021-08-05,Thursday
3,/EtzionR/Cumulative-Heatmap-Calculation,2021,08,05,09,21,37,2021-08-05,Thursday
4,/EtzionR/Cumulative-Heatmap-Calculation,2021,07,04,12,56,34,2021-07-04,Sunday
5,/EtzionR/Cumulative-Heatmap-Calculation,2021,07,04,12,56,27,2021-07-04,Sunday
6,/EtzionR/Cumulative-Heatmap-Calculation,2021,07,04,12,56,24,2021-07-04,Sunday
7,/EtzionR/Cumulative-Heatmap-Calculation,2021,07,04,12,54,01,2021-07-04,Sunday
8,/EtzionR/Cumulative-Heatmap-Calculation,2021,07,04,12,53,34,2021-07-04,Sunday
9,/EtzionR/Cumulative-Heatmap-Calculation,2021,06,14,11,55,02,2021-06-14,Monday
10,/EtzionR/Cumulative-Heatmap-Calculation,2021,06,10,14,52,30,2021-06-10,Thursday
11,/EtzionR/Cumulative-Heatmap-Calculation,2021,06,10,14,51,24,2021-06-10,Thursday
12,/EtzionR/Cumulative-Heatmap-Calculation,2021,06,10,14,40,17,2021-06-10,Thursday
13,/EtzionR/Cumulative-Heatmap-Calculation,2021,06,10,14,37,01,2021-06-10,Thursday
14,/EtzionR/Cumulative-Heatmap-Calculation,2021,06,10,14,36,35,2021-06-10,Thursday
15,/EtzionR/Cumulative-Heatmap-Calculation,2021,06,10,14,36,25,2021-06-10,Thursday
16,/EtzionR/Cumulative-Heatmap-Calculation,2021,06,10,14,35,24,2021-06-10,Thursday
17,/EtzionR/Cumulative-Heatmap-Calculation,2021,05,26,16,12,44,2021-05-26,Wednesday
18,/EtzionR/Cumulative-Heatmap-Calculation,2020,12,27,18,22,42,2020-12-27,Sunday
19,/EtzionR/Cumulative-Heatmap-Calculation,2020,12,01,10,26,32,2020-12-01,Tuesday
20,/EtzionR/Cumulative-Heatmap-Calculation,2020,11,13,12,06,04,2020-11-13,Friday
21,/EtzionR/Cumulative-Heatmap-Calculation,2020,10,12,16,53,05,2020-10-12,Monday
22,/EtzionR/Cumulative-Heatmap-Calculation,2020,10,12,16,52,04,2020-10-12,Monday
23,/EtzionR/Cumulative-Heatmap-Calculation,2020,10,12,16,48,56,2020-10-12,Monday
24,/EtzionR/Cumulative-Heatmap-Calculation,2020,10,12,16,45,26,2020-10-12,Monday
25,/EtzionR/Cumulative-Heatmap-Calculation,2020,10,12,16,44,42,2020-10-12,Monday
26,/EtzionR/Cumulative-Heatmap-Calculation,2020,10,12,16,44,12,2020-10-12,Monday
27,/EtzionR/Cumulative-Heatmap-Calculation,2020,10,12,16,42,53,2020-10-12,Monday
28,/EtzionR/Cumulative-Heatmap-Calculation,2020,10,12,16,12,14,2020-10-12,Monday
29,/EtzionR/Cumulative-Heatmap-Calculation,2020,10,12,16,10,55,2020-10-12,Monday
30,/EtzionR/Cumulative-Heatmap-Calculation,2020,10,12,16,00,48,2020-10-12,Monday
31,/EtzionR/Cumulative-Heatmap-Calculation,2020,10,12,15,58,02,2020-10-12,Monday
32,/EtzionR/Cumulative-Heatmap-Calculation,2020,10,12,15,29,02,2020-10-12,Monday
33,/EtzionR/Cumulative-Heatmap-Calculation,2020,10,12,15,27,34,2020-10-12,Monday
34,/EtzionR/Cumulative-Heatmap-Calculation,2020,10,12,15,22,10,2020-10-12,Monday
35,/EtzionR/Cumulative-Heatmap-Calculation,2020,10,12,15,21,44,2020-10-12,Monday
36,/EtzionR/Cumulative-Heatmap-Calculation,2020,10,12,13,20,11,2020-10-12,Monday
37,/EtzionR/Cumulative-Heatmap-Calculation,2020,10,12,13,18,57,2020-10-12,Monday
38,/EtzionR/Cumulative-Heatmap-Calculation,2020,10,12,13,18,19,2020-10-12,Monday
39,/EtzionR/Cumulative-Heatmap-Calculation,2020,10,12,13,09,43,2020-10-12,Monday
40,/EtzionR/Cumulative-Heatmap-Calculation,2020,10,12,13,04,09,2020-10-12,Monday
41,/EtzionR/Cumulative-Heatmap-Calculation,2020,10,12,12,49,31,2020-10-12,Monday
42,/EtzionR/Cumulative-Heatmap-Calculation,2020,10,12,12,22,57,2020-10-12,Monday
43,/EtzionR/Cumulative-Heatmap-Calculation,2020,10,11,22,49,15,2020-10-11,Sunday
44,/EtzionR/Cumulative-Heatmap-Calculation,2020,10,11,22,43,38,2020-10-11,Sunday
45,/EtzionR/Cumulative-Heatmap-Calculation,2020,10,11,22,42,48,2020-10-11,Sunday
46,/EtzionR/Cumulative-Heatmap-Calculation,2020,10,11,22,42,13,2020-10-11,Sunday
47,/EtzionR/Cumulative-Heatmap-Calculation,2020,10,11,22,12,16,2020-10-11,Sunday
48,/EtzionR/Cumulative-Heatmap-Calculation,2020,10,11,22,11,52,2020-10-11,Sunday
49,/EtzionR/Cumulative-Heatmap-Calculation,2020,10,11,22,11,29,2020-10-11,Sunday
50,/EtzionR/Cumulative-Heatmap-Calculation,2020,10,11,22,11,12,2020-10-11,Sunday
51,/EtzionR/Cumulative-Heatmap-Calculation,2020,10,11,22,10,37,2020-10-11,Sunday
52,/EtzionR/Cumulative-Heatmap-Calculation,2020,10,11,22,09,46,2020-10-11,Sunday
53,/EtzionR/Cumulative-Heatmap-Calculation,2020,10,11,22,09,17,2020-10-11,Sunday
54,/EtzionR/Cumulative-Heatmap-Calculation,2020,10,11,22,09,05,2020-10-11,Sunday
55,/EtzionR/Cumulative-Heatmap-Calculation,2020,10,11,22,08,13,2020-10-11,Sunday
56,/EtzionR/Cumulative-Heatmap-Calculation,2020,10,11,22,04,55,2020-10-11,Sunday
57,/EtzionR/Cumulative-Heatmap-Calculation,2020,10,11,22,04,34,2020-10-11,Sunday
58,/EtzionR/Cumulative-Heatmap-Calculation,2020,10,11,22,02,40,2020-10-11,Sunday
59,/EtzionR/Cumulative-Heatmap-Calculation,2020,10,11,22,01,46,2020-10-11,Sunday
60,/EtzionR/Cumulative-Heatmap-Calculation,2020,10,11,22,01,10,2020-10-11,Sunday
61,/EtzionR/Cumulative-Heatmap-Calculation,2020,10,11,21,26,58,2020-10-11,Sunday
62,/EtzionR/Cumulative-Heatmap-Calculation,2020,10,11,21,07,18,2020-10-11,Sunday
63,/EtzionR/EtzionR,2021,08,22,19,24,44,2021-08-22,Sunday
64,/EtzionR/EtzionR,2021,08,19,17,16,29,2021-08-19,Thursday
65,/EtzionR/EtzionR,2021,08,19,17,16,15,2021-08-19,Thursday
66,/EtzionR/EtzionR,2021,08,19,14,46,44,2021-08-19,Thursday
67,/EtzionR/EtzionR,2021,08,19,14,21,03,2021-08-19,Thursday
68,/EtzionR/EtzionR,2021,08,19,14,07,34,2021-08-19,Thursday
69,/EtzionR/EtzionR,2021,08,19,14,03,40,2021-08-19,Thursday
70,/EtzionR/EtzionR,2021,08,19,13,59,31,2021-08-19,Thursday
71,/EtzionR/EtzionR,2021,08,19,13,58,41,2021-08-19,Thursday
72,/EtzionR/EtzionR,2021,08,19,13,58,18,2021-08-19,Thursday
73,/EtzionR/EtzionR,2021,08,19,13,55,42,2021-08-19,Thursday
74,/EtzionR/EtzionR,2021,08,19,13,55,31,2021-08-19,Thursday
75,/EtzionR/EtzionR,2021,08,19,13,52,34,2021-08-19,Thursday
76,/EtzionR/EtzionR,2021,08,19,13,49,33,2021-08-19,Thursday
77,/EtzionR/EtzionR,2021,08,19,13,45,38,2021-08-19,Thursday
78,/EtzionR/EtzionR,2021,08,19,13,42,06,2021-08-19,Thursday
79,/EtzionR/EtzionR,2021,08,19,13,24,37,2021-08-19,Thursday
80,/EtzionR/EtzionR,2021,08,19,13,17,05,2021-08-19,Thursday
81,/EtzionR/EtzionR,2021,08,19,13,07,16,2021-08-19,Thursday
82,/EtzionR/EtzionR,2021,08,19,13,03,52,2021-08-19,Thursday
83,/EtzionR/EtzionR,2021,08,19,12,32,48,2021-08-19,Thursday
84,/EtzionR/EtzionR,2021,08,19,12,23,12,2021-08-19,Thursday
85,/EtzionR/Clustering-by-Silhouette,2021,08,19,09,18,37,2021-08-19,Thursday
86,/EtzionR/Clustering-by-Silhouette,2021,08,19,09,18,34,2021-08-19,Thursday
87,/EtzionR/Clustering-by-Silhouette,2021,08,17,19,53,29,2021-08-17,Tuesday
88,/EtzionR/Clustering-by-Silhouette,2021,08,05,09,50,33,2021-08-05,Thursday
89,/EtzionR/Clustering-by-Silhouette,2021,08,05,09,21,30,2021-08-05,Thursday
90,/EtzionR/Clustering-by-Silhouette,2021,07,11,07,48,38,2021-07-11,Sunday
91,/EtzionR/Clustering-by-Silhouette,2021,06,14,12,31,12,2021-06-14,Monday
92,/EtzionR/Clustering-by-Silhouette,2021,06,14,12,30,23,2021-06-14,Monday
93,/EtzionR/Clustering-by-Silhouette,2021,06,14,12,21,48,2021-06-14,Monday
94,/EtzionR/Clustering-by-Silhouette,2021,06,13,17,22,01,2021-06-13,Sunday
95,/EtzionR/Clustering-by-Silhouette,2021,06,09,13,53,34,2021-06-09,Wednesday
96,/EtzionR/Clustering-by-Silhouette,2021,06,07,20,11,26,2021-06-07,Monday
97,/EtzionR/Clustering-by-Silhouette,2021,06,07,19,48,17,2021-06-07,Monday
98,/EtzionR/Clustering-by-Silhouette,2021,06,07,19,48,02,2021-06-07,Monday
99,/EtzionR/Clustering-by-Silhouette,2021,06,07,19,47,58,2021-06-07,Monday
100,/EtzionR/Clustering-by-Silhouette,2021,06,04,11,25,45,2021-06-04,Friday
101,/EtzionR/Clustering-by-Silhouette,2021,06,04,11,25,14,2021-06-04,Friday
102,/EtzionR/Clustering-by-Silhouette,2021,05,08,18,40,56,2021-05-08,Saturday
103,/EtzionR/Clustering-by-Silhouette,2021,05,08,18,40,08,2021-05-08,Saturday
104,/EtzionR/Clustering-by-Silhouette,2021,05,08,18,38,44,2021-05-08,Saturday
105,/EtzionR/Clustering-by-Silhouette,2021,05,08,18,35,05,2021-05-08,Saturday
106,/EtzionR/Clustering-by-Silhouette,2021,05,08,18,31,12,2021-05-08,Saturday
107,/EtzionR/Clustering-by-Silhouette,2021,05,08,18,29,55,2021-05-08,Saturday
108,/EtzionR/Clustering-by-Silhouette,2021,05,07,14,49,07,2021-05-07,Friday
109,/EtzionR/Clustering-by-Silhouette,2021,05,07,14,48,32,2021-05-07,Friday
110,/EtzionR/Clustering-by-Silhouette,2021,05,07,14,41,13,2021-05-07,Friday
111,/EtzionR/Clustering-by-Silhouette,2021,05,07,14,40,23,2021-05-07,Friday
112,/EtzionR/Clustering-by-Silhouette,2021,05,07,14,37,03,2021-05-07,Friday
113,/EtzionR/Clustering-by-Silhouette,2021,05,07,14,36,28,2021-05-07,Friday
114,/EtzionR/Clustering-by-Silhouette,2021,05,07,14,35,40,2021-05-07,Friday
115,/EtzionR/Clustering-by-Silhouette,2021,05,07,14,25,34,2021-05-07,Friday
116,/EtzionR/Clustering-by-Silhouette,2021,05,07,14,24,57,2021-05-07,Friday
117,/EtzionR/Clustering-by-Silhouette,2021,05,07,14,21,51,2021-05-07,Friday
118,/EtzionR/Clustering-by-Silhouette,2021,05,07,14,15,57,2021-05-07,Friday
119,/EtzionR/Clustering-by-Silhouette,2021,05,07,14,12,52,2021-05-07,Friday
120,/EtzionR/Clustering-by-Silhouette,2021,05,07,14,11,57,2021-05-07,Friday
121,/EtzionR/Clustering-by-Silhouette,2021,05,07,14,02,53,2021-05-07,Friday
122,/EtzionR/Clustering-by-Silhouette,2021,05,07,13,51,57,2021-05-07,Friday
123,/EtzionR/Clustering-by-Silhouette,2021,05,07,13,49,04,2021-05-07,Friday
124,/EtzionR/Clustering-by-Silhouette,2021,05,07,13,47,38,2021-05-07,Friday
125,/EtzionR/Clustering-by-Silhouette,2021,05,07,13,46,24,2021-05-07,Friday
126,/EtzionR/Clustering-by-Silhouette,2021,05,07,13,45,49,2021-05-07,Friday
127,/EtzionR/Clustering-by-Silhouette,2021,05,07,13,45,17,2021-05-07,Friday
128,/EtzionR/Clustering-by-Silhouette,2021,05,07,13,44,59,2021-05-07,Friday
129,/EtzionR/Clustering-by-Silhouette,2021,05,07,13,40,43,2021-05-07,Friday
130,/EtzionR/Clustering-by-Silhouette,2021,05,05,19,27,46,2021-05-05,Wednesday
131,/EtzionR/Clustering-by-Silhouette,2021,05,05,19,15,06,2021-05-05,Wednesday
132,/EtzionR/Clustering-by-Silhouette,2021,05,05,19,11,16,2021-05-05,Wednesday
133,/EtzionR/Clustering-by-Silhouette,2021,05,05,19,10,43,2021-05-05,Wednesday
134,/EtzionR/Clustering-by-Silhouette,2021,05,05,19,10,20,2021-05-05,Wednesday
135,/EtzionR/Clustering-by-Silhouette,2021,05,05,15,03,42,2021-05-05,Wednesday
136,/EtzionR/Clustering-by-Silhouette,2021,05,05,15,03,29,2021-05-05,Wednesday
137,/EtzionR/Clustering-by-Silhouette,2021,05,05,15,02,56,2021-05-05,Wednesday
138,/EtzionR/Clustering-by-Silhouette,2021,05,05,15,02,11,2021-05-05,Wednesday
139,/EtzionR/Clustering-by-Silhouette,2021,05,05,15,02,06,2021-05-05,Wednesday
140,/EtzionR/Clustering-by-Silhouette,2021,05,05,15,00,48,2021-05-05,Wednesday
141,/EtzionR/Clustering-by-Silhouette,2021,05,05,15,00,44,2021-05-05,Wednesday
142,/EtzionR/Clustering-by-Silhouette,2021,05,05,15,00,39,2021-05-05,Wednesday
143,/EtzionR/Clustering-by-Silhouette,2021,05,05,15,00,34,2021-05-05,Wednesday
144,/EtzionR/Clustering-by-Silhouette,2021,05,05,15,00,27,2021-05-05,Wednesday
145,/EtzionR/Clustering-by-Silhouette,2020,12,29,11,34,12,2020-12-29,Tuesday
146,/EtzionR/Clustering-by-Silhouette,2020,12,27,18,22,55,2020-12-27,Sunday
147,/EtzionR/Clustering-by-Silhouette,2020,12,01,10,27,52,2020-12-01,Tuesday
148,/EtzionR/Clustering-by-Silhouette,2020,10,06,21,38,43,2020-10-06,Tuesday
149,/EtzionR/Clustering-by-Silhouette,2020,10,06,21,08,23,2020-10-06,Tuesday
150,/EtzionR/Clustering-by-Silhouette,2020,10,06,21,04,38,2020-10-06,Tuesday
151,/EtzionR/Clustering-by-Silhouette,2020,10,06,21,04,07,2020-10-06,Tuesday
152,/EtzionR/Clustering-by-Silhouette,2020,10,06,21,03,10,2020-10-06,Tuesday
153,/EtzionR/Clustering-by-Silhouette,2020,10,06,11,31,58,2020-10-06,Tuesday
154,/EtzionR/Clustering-by-Silhouette,2020,10,06,11,30,37,2020-10-06,Tuesday
155,/EtzionR/Clustering-by-Silhouette,2020,10,06,11,27,25,2020-10-06,Tuesday
156,/EtzionR/Clustering-by-Silhouette,2020,10,06,11,24,24,2020-10-06,Tuesday
157,/EtzionR/Clustering-by-Silhouette,2020,10,06,11,11,39,2020-10-06,Tuesday
158,/EtzionR/Clustering-by-Silhouette,2020,10,06,11,10,51,2020-10-06,Tuesday
159,/EtzionR/Clustering-by-Silhouette,2020,10,06,11,10,17,2020-10-06,Tuesday
160,/EtzionR/Clustering-by-Silhouette,2020,10,06,11,00,35,2020-10-06,Tuesday
161,/EtzionR/Clustering-by-Silhouette,2020,10,06,10,57,54,2020-10-06,Tuesday
162,/EtzionR/Clustering-by-Silhouette,2020,10,06,10,57,02,2020-10-06,Tuesday
163,/EtzionR/Clustering-by-Silhouette,2020,10,06,10,55,40,2020-10-06,Tuesday
164,/EtzionR/Clustering-by-Silhouette,2020,10,06,10,37,17,2020-10-06,Tuesday
165,/EtzionR/Clustering-by-Silhouette,2020,10,01,22,15,50,2020-10-01,Thursday
166,/EtzionR/Clustering-by-Silhouette,2020,10,01,21,05,11,2020-10-01,Thursday
167,/EtzionR/Clustering-by-Silhouette,2020,10,01,21,03,59,2020-10-01,Thursday
168,/EtzionR/Clustering-by-Silhouette,2020,10,01,14,33,03,2020-10-01,Thursday
169,/EtzionR/Clustering-by-Silhouette,2020,10,01,14,28,34,2020-10-01,Thursday
170,/EtzionR/Clustering-by-Silhouette,2020,10,01,14,27,46,2020-10-01,Thursday
171,/EtzionR/Clustering-by-Silhouette,2020,10,01,14,19,19,2020-10-01,Thursday
172,/EtzionR/Clustering-by-Silhouette,2020,09,29,23,12,20,2020-09-29,Tuesday
173,/EtzionR/Clustering-by-Silhouette,2020,09,29,23,11,59,2020-09-29,Tuesday
174,/EtzionR/Clustering-by-Silhouette,2020,09,29,23,11,42,2020-09-29,Tuesday
175,/EtzionR/Clustering-by-Silhouette,2020,09,29,23,06,24,2020-09-29,Tuesday
176,/EtzionR/Clustering-by-Silhouette,2020,09,29,23,06,04,2020-09-29,Tuesday
177,/EtzionR/Clustering-by-Silhouette,2020,09,29,23,05,36,2020-09-29,Tuesday
178,/EtzionR/Clustering-by-Silhouette,2020,09,29,22,43,16,2020-09-29,Tuesday
179,/EtzionR/Clustering-by-Silhouette,2020,09,29,22,43,00,2020-09-29,Tuesday
180,/EtzionR/Clustering-by-Silhouette,2020,09,29,21,55,50,2020-09-29,Tuesday
181,/EtzionR/Clustering-by-Silhouette,2020,09,29,21,52,31,2020-09-29,Tuesday
182,/EtzionR/Clustering-by-Silhouette,2020,09,29,21,52,07,2020-09-29,Tuesday
183,/EtzionR/Clustering-by-Silhouette,2020,09,29,21,51,24,2020-09-29,Tuesday
184,/EtzionR/Clustering-by-Silhouette,2020,09,29,21,30,06,2020-09-29,Tuesday
185,/EtzionR/Clustering-by-Silhouette,2020,09,29,21,29,33,2020-09-29,Tuesday
186,/EtzionR/Clustering-by-Silhouette,2020,09,29,21,29,17,2020-09-29,Tuesday
187,/EtzionR/Clustering-by-Silhouette,2020,09,29,21,28,45,2020-09-29,Tuesday
188,/EtzionR/Clustering-by-Silhouette,2020,09,29,21,28,17,2020-09-29,Tuesday
189,/EtzionR/Clustering-by-Silhouette,2020,09,29,21,27,50,2020-09-29,Tuesday
190,/EtzionR/Clustering-by-Silhouette,2020,09,29,21,23,39,2020-09-29,Tuesday
191,/EtzionR/Clustering-by-Silhouette,2020,09,29,20,58,32,2020-09-29,Tuesday
192,/EtzionR/Clustering-by-Silhouette,2020,09,29,20,56,45,2020-09-29,Tuesday
193,/EtzionR/Clustering-by-Silhouette,2020,09,29,20,52,34,2020-09-29,Tuesday
194,/EtzionR/Clustering-by-Silhouette,2020,09,28,20,12,31,2020-09-28,Monday
195,/EtzionR/Clustering-by-Silhouette,2020,09,28,20,07,14,2020-09-28,Monday
196,/EtzionR/Clustering-by-Silhouette,2020,09,15,17,19,11,2020-09-15,Tuesday
197,/EtzionR/Clustering-by-Silhouette,2020,09,15,17,12,25,2020-09-15,Tuesday
198,/EtzionR/Clustering-by-Silhouette,2020,09,15,17,12,10,2020-09-15,Tuesday
199,/EtzionR/Clustering-by-Silhouette,2020,09,15,17,11,47,2020-09-15,Tuesday
200,/EtzionR/Clustering-by-Silhouette,2020,09,15,17,11,30,2020-09-15,Tuesday
201,/EtzionR/Clustering-by-Silhouette,2020,09,15,16,24,59,2020-09-15,Tuesday
202,/EtzionR/Clustering-by-Silhouette,2020,09,15,16,22,01,2020-09-15,Tuesday
203,/EtzionR/Clustering-by-Silhouette,2020,09,15,16,09,05,2020-09-15,Tuesday
204,/EtzionR/Clustering-by-Silhouette,2020,09,15,16,08,51,2020-09-15,Tuesday
205,/EtzionR/Clustering-by-Silhouette,2020,09,15,16,08,00,2020-09-15,Tuesday
206,/EtzionR/Clustering-by-Silhouette,2020,09,14,13,38,01,2020-09-14,Monday
207,/EtzionR/Clustering-by-Silhouette,2020,09,14,13,34,36,2020-09-14,Monday
208,/EtzionR/Clustering-by-Silhouette,2020,09,14,13,33,33,2020-09-14,Monday
209,/EtzionR/Clustering-by-Silhouette,2020,09,14,13,33,31,2020-09-14,Monday
210,/EtzionR/Clustering-by-Silhouette,2020,09,14,13,33,26,2020-09-14,Monday
211,/EtzionR/Clustering-by-Silhouette,2020,09,14,13,33,23,2020-09-14,Monday
212,/EtzionR/Clustering-by-Silhouette,2020,09,14,13,33,20,2020-09-14,Monday
213,/EtzionR/Clustering-by-Silhouette,2020,09,14,13,33,17,2020-09-14,Monday
214,/EtzionR/Clustering-by-Silhouette,2020,09,14,13,33,14,2020-09-14,Monday
215,/EtzionR/Clustering-by-Silhouette,2020,09,08,15,27,45,2020-09-08,Tuesday
216,/EtzionR/Clustering-by-Silhouette,2020,09,08,15,27,34,2020-09-08,Tuesday
217,/EtzionR/Clustering-by-Silhouette,2020,09,06,16,15,16,2020-09-06,Sunday
218,/EtzionR/Clustering-by-Silhouette,2020,09,06,16,13,42,2020-09-06,Sunday
219,/EtzionR/Clustering-by-Silhouette,2020,09,03,11,33,15,2020-09-03,Thursday
220,/EtzionR/Clustering-by-Silhouette,2020,09,03,11,32,48,2020-09-03,Thursday
221,/EtzionR/Clustering-by-Silhouette,2020,08,31,13,44,34,2020-08-31,Monday
222,/EtzionR/Clustering-by-Silhouette,2020,08,31,13,44,06,2020-08-31,Monday
223,/EtzionR/Clustering-by-Silhouette,2020,08,31,13,43,27,2020-08-31,Monday
224,/EtzionR/Clustering-by-Silhouette,2020,08,27,22,29,44,2020-08-27,Thursday
225,/EtzionR/Clustering-by-Silhouette,2020,08,27,22,28,07,2020-08-27,Thursday
226,/EtzionR/Clustering-by-Silhouette,2020,08,27,22,26,26,2020-08-27,Thursday
227,/EtzionR/Clustering-by-Silhouette,2020,08,27,22,24,19,2020-08-27,Thursday
228,/EtzionR/Clustering-by-Silhouette,2020,08,27,22,23,10,2020-08-27,Thursday
229,/EtzionR/Clustering-by-Silhouette,2020,08,27,22,10,54,2020-08-27,Thursday
230,/EtzionR/Clustering-by-Silhouette,2020,08,27,22,04,37,2020-08-27,Thursday
231,/EtzionR/Clustering-by-Silhouette,2020,08,27,21,04,32,2020-08-27,Thursday
232,/EtzionR/Clustering-by-Silhouette,2020,08,27,21,04,14,2020-08-27,Thursday
233,/EtzionR/Clustering-by-Silhouette,2020,08,27,21,03,33,2020-08-27,Thursday
234,/EtzionR/Clustering-by-Silhouette,2020,08,27,21,03,18,2020-08-27,Thursday
235,/EtzionR/Clustering-by-Silhouette,2020,08,27,21,02,53,2020-08-27,Thursday
236,/EtzionR/Clustering-by-Silhouette,2020,08,27,21,02,00,2020-08-27,Thursday
237,/EtzionR/Clustering-by-Silhouette,2020,08,27,21,01,49,2020-08-27,Thursday
238,/EtzionR/Clustering-by-Silhouette,2020,08,27,20,59,17,2020-08-27,Thursday
239,/EtzionR/Clustering-by-Silhouette,2020,08,27,20,29,40,2020-08-27,Thursday
240,/EtzionR/Clustering-by-Silhouette,2020,08,27,20,23,13,2020-08-27,Thursday
241,/EtzionR/Clustering-by-Silhouette,2020,08,27,20,13,46,2020-08-27,Thursday
242,/EtzionR/Clustering-by-Silhouette,2020,08,27,20,00,51,2020-08-27,Thursday
243,/EtzionR/Clustering-by-Silhouette,2020,08,27,19,59,23,2020-08-27,Thursday
244,/EtzionR/Clustering-by-Silhouette,2020,08,27,19,59,00,2020-08-27,Thursday
245,/EtzionR/Clustering-by-Silhouette,2020,08,27,19,31,14,2020-08-27,Thursday
246,/EtzionR/Clustering-by-Silhouette,2020,08,27,19,30,52,2020-08-27,Thursday
247,/EtzionR/Clustering-by-Silhouette,2020,08,27,19,28,29,2020-08-27,Thursday
248,/EtzionR/Clustering-by-Silhouette,2020,08,27,19,27,19,2020-08-27,Thursday
249,/EtzionR/Clustering-by-Silhouette,2020,08,27,19,27,13,2020-08-27,Thursday
250,/EtzionR/Clustering-by-Silhouette,2020,08,27,19,27,08,2020-08-27,Thursday
251,/EtzionR/Clustering-by-Silhouette,2020,08,27,19,25,01,2020-08-27,Thursday
252,/EtzionR/Clustering-by-Silhouette,2020,08,27,19,23,52,2020-08-27,Thursday
253,/EtzionR/Clustering-by-Silhouette,2020,08,27,15,49,24,2020-08-27,Thursday
254,/EtzionR/Clustering-by-Silhouette,2020,08,27,15,48,33,2020-08-27,Thursday
255,/EtzionR/Clustering-by-Silhouette,2020,08,27,15,22,55,2020-08-27,Thursday
256,/EtzionR/Clustering-by-Silhouette,2020,08,27,15,21,43,2020-08-27,Thursday
257,/EtzionR/Clustering-by-Silhouette,2020,08,27,15,14,15,2020-08-27,Thursday
258,/EtzionR/Clustering-by-Silhouette,2020,08,27,15,06,56,2020-08-27,Thursday
259,/EtzionR/Histo-Regression,2021,08,18,10,07,27,2021-08-18,Wednesday
260,/EtzionR/Histo-Regression,2021,08,18,09,35,01,2021-08-18,Wednesday
261,/EtzionR/Histo-Regression,2021,08,17,21,25,15,2021-08-17,Tuesday
262,/EtzionR/Histo-Regression,2021,08,17,21,24,25,2021-08-17,Tuesday
263,/EtzionR/Histo-Regression,2021,08,17,21,24,11,2021-08-17,Tuesday
264,/EtzionR/Histo-Regression,2021,08,17,21,24,07,2021-08-17,Tuesday
265,/EtzionR/Histo-Regression,2021,08,17,21,23,39,2021-08-17,Tuesday
266,/EtzionR/Histo-Regression,2021,08,17,19,58,40,2021-08-17,Tuesday
267,/EtzionR/Histo-Regression,2021,08,17,19,44,10,2021-08-17,Tuesday
268,/EtzionR/Histo-Regression,2021,08,17,19,41,57,2021-08-17,Tuesday
269,/EtzionR/Histo-Regression,2021,08,17,19,29,41,2021-08-17,Tuesday
270,/EtzionR/Histo-Regression,2021,08,17,19,26,23,2021-08-17,Tuesday
271,/EtzionR/Histo-Regression,2021,08,17,19,09,39,2021-08-17,Tuesday
272,/EtzionR/Histo-Regression,2021,08,17,18,58,13,2021-08-17,Tuesday
273,/EtzionR/Histo-Regression,2021,08,17,18,37,30,2021-08-17,Tuesday
274,/EtzionR/Histo-Regression,2021,08,17,18,37,09,2021-08-17,Tuesday
275,/EtzionR/Histo-Regression,2021,08,17,18,35,07,2021-08-17,Tuesday
276,/EtzionR/Histo-Regression,2021,08,17,18,33,21,2021-08-17,Tuesday
277,/EtzionR/Histo-Regression,2021,08,17,18,00,24,2021-08-17,Tuesday
278,/EtzionR/Histo-Regression,2021,08,17,17,11,08,2021-08-17,Tuesday
279,/EtzionR/Histo-Regression,2021,08,17,14,09,53,2021-08-17,Tuesday
280,/EtzionR/Histo-Regression,2021,08,17,11,27,31,2021-08-17,Tuesday
281,/EtzionR/Histo-Regression,2021,08,17,10,42,56,2021-08-17,Tuesday
282,/EtzionR/Histo-Regression,2021,08,17,10,40,09,2021-08-17,Tuesday
283,/EtzionR/Histo-Regression,2021,08,17,10,33,36,2021-08-17,Tuesday
284,/EtzionR/Histo-Regression,2021,08,17,10,20,44,2021-08-17,Tuesday
285,/EtzionR/Histo-Regression,2021,08,17,10,20,30,2021-08-17,Tuesday
286,/EtzionR/Histo-Regression,2021,08,17,10,19,51,2021-08-17,Tuesday
287,/EtzionR/Histo-Regression,2021,08,17,10,19,35,2021-08-17,Tuesday
288,/EtzionR/Histo-Regression,2021,08,17,10,13,02,2021-08-17,Tuesday
289,/EtzionR/Histo-Regression,2021,08,17,10,04,53,2021-08-17,Tuesday
290,/EtzionR/Histo-Regression,2021,08,17,09,29,22,2021-08-17,Tuesday
291,/EtzionR/Histo-Regression,2021,08,17,08,03,15,2021-08-17,Tuesday
292,/EtzionR/Histo-Regression,2021,08,17,07,52,32,2021-08-17,Tuesday
293,/EtzionR/Histo-Regression,2021,08,17,07,51,34,2021-08-17,Tuesday
294,/EtzionR/Histo-Regression,2021,08,17,07,50,42,2021-08-17,Tuesday
295,/EtzionR/Histo-Regression,2021,08,17,07,49,47,2021-08-17,Tuesday
296,/EtzionR/Histo-Regression,2021,08,16,20,33,37,2021-08-16,Monday
297,/EtzionR/Histo-Regression,2021,08,16,20,33,15,2021-08-16,Monday
298,/EtzionR/Histo-Regression,2021,08,16,19,08,40,2021-08-16,Monday
299,/EtzionR/Histo-Regression,2021,08,16,19,08,25,2021-08-16,Monday
300,/EtzionR/Histo-Regression,2021,08,16,18,58,22,2021-08-16,Monday
301,/EtzionR/Histo-Regression,2021,08,16,18,50,54,2021-08-16,Monday
302,/EtzionR/Histo-Regression,2021,08,16,18,49,51,2021-08-16,Monday
303,/EtzionR/Histo-Regression,2021,08,16,18,42,36,2021-08-16,Monday
304,/EtzionR/Histo-Regression,2021,08,16,18,42,25,2021-08-16,Monday
305,/EtzionR/Histo-Regression,2021,08,16,18,40,48,2021-08-16,Monday
306,/EtzionR/Histo-Regression,2021,08,16,18,36,58,2021-08-16,Monday
307,/EtzionR/Histo-Regression,2021,08,16,18,31,29,2021-08-16,Monday
308,/EtzionR/Histo-Regression,2021,08,16,18,31,15,2021-08-16,Monday
309,/EtzionR/Histo-Regression,2021,08,16,18,31,02,2021-08-16,Monday
310,/EtzionR/Histo-Regression,2021,08,16,18,30,05,2021-08-16,Monday
311,/EtzionR/Histo-Regression,2021,08,16,18,29,50,2021-08-16,Monday
312,/EtzionR/Histo-Regression,2021,08,16,18,29,29,2021-08-16,Monday
313,/EtzionR/Histo-Regression,2021,08,16,18,24,20,2021-08-16,Monday
314,/EtzionR/Histo-Regression,2021,08,16,18,24,04,2021-08-16,Monday
315,/EtzionR/Histo-Regression,2021,08,16,18,21,46,2021-08-16,Monday
316,/EtzionR/Histo-Regression,2021,08,16,18,21,07,2021-08-16,Monday
317,/EtzionR/Histo-Regression,2021,08,16,18,20,52,2021-08-16,Monday
318,/EtzionR/Histo-Regression,2021,08,16,18,19,33,2021-08-16,Monday
319,/EtzionR/Histo-Regression,2021,08,16,18,19,25,2021-08-16,Monday
320,/EtzionR/Histo-Regression,2021,08,16,18,19,06,2021-08-16,Monday
321,/EtzionR/Histo-Regression,2021,08,16,18,18,14,2021-08-16,Monday
322,/EtzionR/Histo-Regression,2021,08,16,18,17,03,2021-08-16,Monday
323,/EtzionR/Histo-Regression,2021,08,16,18,16,51,2021-08-16,Monday
324,/EtzionR/Histo-Regression,2021,08,16,18,14,59,2021-08-16,Monday
325,/EtzionR/Histo-Regression,2021,08,16,18,13,49,2021-08-16,Monday
326,/EtzionR/Histo-Regression,2021,08,16,18,12,55,2021-08-16,Monday
327,/EtzionR/Histo-Regression,2021,08,16,18,12,14,2021-08-16,Monday
328,/EtzionR/Histo-Regression,2021,08,16,18,10,57,2021-08-16,Monday
329,/EtzionR/My-Convex-Hull,2021,08,17,19,58,27,2021-08-17,Tuesday
330,/EtzionR/My-Convex-Hull,2021,08,07,21,25,22,2021-08-07,Saturday
331,/EtzionR/My-Convex-Hull,2021,08,05,14,00,04,2021-08-05,Thursday
332,/EtzionR/My-Convex-Hull,2021,08,05,13,59,36,2021-08-05,Thursday
333,/EtzionR/My-Convex-Hull,2021,08,05,13,58,56,2021-08-05,Thursday
334,/EtzionR/My-Convex-Hull,2021,08,05,13,58,52,2021-08-05,Thursday
335,/EtzionR/My-Convex-Hull,2021,08,05,13,58,48,2021-08-05,Thursday
336,/EtzionR/My-Convex-Hull,2021,08,05,10,18,00,2021-08-05,Thursday
337,/EtzionR/My-Convex-Hull,2021,08,05,09,49,31,2021-08-05,Thursday
338,/EtzionR/My-Convex-Hull,2021,08,05,09,12,25,2021-08-05,Thursday
339,/EtzionR/My-Convex-Hull,2021,08,05,09,11,03,2021-08-05,Thursday
340,/EtzionR/My-Convex-Hull,2021,08,05,09,10,52,2021-08-05,Thursday
341,/EtzionR/My-Convex-Hull,2021,08,05,09,09,59,2021-08-05,Thursday
342,/EtzionR/My-Convex-Hull,2021,08,05,09,05,42,2021-08-05,Thursday
343,/EtzionR/My-Convex-Hull,2021,08,05,09,04,59,2021-08-05,Thursday
344,/EtzionR/My-Convex-Hull,2021,08,05,08,58,28,2021-08-05,Thursday
345,/EtzionR/My-Convex-Hull,2021,08,05,08,56,38,2021-08-05,Thursday
346,/EtzionR/My-Convex-Hull,2021,08,05,08,56,21,2021-08-05,Thursday
347,/EtzionR/My-Convex-Hull,2021,08,05,08,51,26,2021-08-05,Thursday
348,/EtzionR/My-Convex-Hull,2021,08,05,08,44,37,2021-08-05,Thursday
349,/EtzionR/My-Convex-Hull,2021,08,05,08,44,03,2021-08-05,Thursday
350,/EtzionR/My-Convex-Hull,2021,08,05,08,39,32,2021-08-05,Thursday
351,/EtzionR/My-Convex-Hull,2021,08,04,18,51,45,2021-08-04,Wednesday
352,/EtzionR/My-Convex-Hull,2021,08,04,18,50,49,2021-08-04,Wednesday
353,/EtzionR/My-Convex-Hull,2021,08,04,18,50,33,2021-08-04,Wednesday
354,/EtzionR/My-Convex-Hull,2021,08,04,18,47,17,2021-08-04,Wednesday
355,/EtzionR/My-Convex-Hull,2021,08,04,18,44,02,2021-08-04,Wednesday
356,/EtzionR/My-Convex-Hull,2021,08,04,17,58,41,2021-08-04,Wednesday
357,/EtzionR/My-Convex-Hull,2021,08,04,17,41,40,2021-08-04,Wednesday
358,/EtzionR/My-Convex-Hull,2021,08,04,17,41,13,2021-08-04,Wednesday
359,/EtzionR/My-Convex-Hull,2021,08,04,17,16,22,2021-08-04,Wednesday
360,/EtzionR/My-Convex-Hull,2021,08,04,17,16,03,2021-08-04,Wednesday
361,/EtzionR/My-Convex-Hull,2021,08,04,17,14,33,2021-08-04,Wednesday
362,/EtzionR/My-Convex-Hull,2021,08,04,17,14,02,2021-08-04,Wednesday
363,/EtzionR/My-Convex-Hull,2021,08,04,13,50,33,2021-08-04,Wednesday
364,/EtzionR/My-Convex-Hull,2021,08,04,13,47,40,2021-08-04,Wednesday
365,/EtzionR/My-Convex-Hull,2021,08,04,13,45,35,2021-08-04,Wednesday
366,/EtzionR/My-Convex-Hull,2021,08,04,13,45,08,2021-08-04,Wednesday
367,/EtzionR/My-Convex-Hull,2021,08,04,13,44,40,2021-08-04,Wednesday
368,/EtzionR/My-Convex-Hull,2021,08,04,13,44,12,2021-08-04,Wednesday
369,/EtzionR/My-Convex-Hull,2021,08,04,13,29,47,2021-08-04,Wednesday
370,/EtzionR/My-Convex-Hull,2021,08,04,13,29,13,2021-08-04,Wednesday
371,/EtzionR/My-Convex-Hull,2021,08,04,13,25,21,2021-08-04,Wednesday
372,/EtzionR/My-Convex-Hull,2021,08,04,13,24,56,2021-08-04,Wednesday
373,/EtzionR/My-Convex-Hull,2021,08,04,13,23,09,2021-08-04,Wednesday
374,/EtzionR/My-Convex-Hull,2021,08,04,13,22,33,2021-08-04,Wednesday
375,/EtzionR/My-Convex-Hull,2021,08,04,13,19,57,2021-08-04,Wednesday
376,/EtzionR/My-Convex-Hull,2021,08,04,13,19,07,2021-08-04,Wednesday
377,/EtzionR/My-Convex-Hull,2021,08,04,13,16,30,2021-08-04,Wednesday
378,/EtzionR/My-Convex-Hull,2021,08,04,13,15,48,2021-08-04,Wednesday
379,/EtzionR/My-Convex-Hull,2021,08,04,13,15,34,2021-08-04,Wednesday
380,/EtzionR/My-Convex-Hull,2021,08,04,13,12,23,2021-08-04,Wednesday
381,/EtzionR/My-Convex-Hull,2021,08,04,13,11,48,2021-08-04,Wednesday
382,/EtzionR/My-Convex-Hull,2021,08,04,12,32,26,2021-08-04,Wednesday
383,/EtzionR/My-Convex-Hull,2021,08,04,12,31,44,2021-08-04,Wednesday
384,/EtzionR/My-Convex-Hull,2021,08,04,12,16,35,2021-08-04,Wednesday
385,/EtzionR/My-Convex-Hull,2021,08,04,11,17,05,2021-08-04,Wednesday
386,/EtzionR/My-Convex-Hull,2021,08,04,11,16,48,2021-08-04,Wednesday
387,/EtzionR/My-Convex-Hull,2021,08,04,11,16,21,2021-08-04,Wednesday
388,/EtzionR/My-Convex-Hull,2021,08,04,11,15,05,2021-08-04,Wednesday
389,/EtzionR/My-Convex-Hull,2021,08,04,11,14,11,2021-08-04,Wednesday
390,/EtzionR/My-Convex-Hull,2021,08,04,11,13,03,2021-08-04,Wednesday
391,/EtzionR/My-Convex-Hull,2021,08,04,11,02,51,2021-08-04,Wednesday
392,/EtzionR/My-Convex-Hull,2021,08,04,10,59,24,2021-08-04,Wednesday
393,/EtzionR/My-Convex-Hull,2021,08,04,10,56,40,2021-08-04,Wednesday
394,/EtzionR/Kmeans-Simulator,2021,08,17,19,58,03,2021-08-17,Tuesday
395,/EtzionR/Kmeans-Simulator,2021,08,17,19,57,47,2021-08-17,Tuesday
396,/EtzionR/Kmeans-Simulator,2021,08,05,09,48,34,2021-08-05,Thursday
397,/EtzionR/Kmeans-Simulator,2021,08,05,09,22,08,2021-08-05,Thursday
398,/EtzionR/Kmeans-Simulator,2021,08,05,09,21,57,2021-08-05,Thursday
399,/EtzionR/Kmeans-Simulator,2021,05,26,16,13,57,2021-05-26,Wednesday
400,/EtzionR/Kmeans-Simulator,2021,05,26,15,18,21,2021-05-26,Wednesday
401,/EtzionR/Kmeans-Simulator,2021,05,26,14,41,37,2021-05-26,Wednesday
402,/EtzionR/Kmeans-Simulator,2021,05,26,14,41,18,2021-05-26,Wednesday
403,/EtzionR/Kmeans-Simulator,2021,05,26,14,38,49,2021-05-26,Wednesday
404,/EtzionR/Kmeans-Simulator,2021,05,26,14,38,23,2021-05-26,Wednesday
405,/EtzionR/Kmeans-Simulator,2021,05,26,14,36,24,2021-05-26,Wednesday
406,/EtzionR/Kmeans-Simulator,2021,05,26,12,28,19,2021-05-26,Wednesday
407,/EtzionR/Kmeans-Simulator,2021,05,26,12,27,19,2021-05-26,Wednesday
408,/EtzionR/Kmeans-Simulator,2021,05,26,12,26,41,2021-05-26,Wednesday
409,/EtzionR/Kmeans-Simulator,2021,05,26,12,25,08,2021-05-26,Wednesday
410,/EtzionR/Kmeans-Simulator,2021,05,26,12,14,15,2021-05-26,Wednesday
411,/EtzionR/Kmeans-Simulator,2021,05,26,12,10,58,2021-05-26,Wednesday
412,/EtzionR/Kmeans-Simulator,2021,05,26,11,59,47,2021-05-26,Wednesday
413,/EtzionR/Kmeans-Simulator,2021,05,26,11,57,39,2021-05-26,Wednesday
414,/EtzionR/Kmeans-Simulator,2021,05,26,11,54,05,2021-05-26,Wednesday
415,/EtzionR/Kmeans-Simulator,2021,05,26,11,50,03,2021-05-26,Wednesday
416,/EtzionR/Kmeans-Simulator,2021,05,26,11,43,33,2021-05-26,Wednesday
417,/EtzionR/Kmeans-Simulator,2021,05,26,11,33,45,2021-05-26,Wednesday
418,/EtzionR/Kmeans-Simulator,2021,05,26,11,17,48,2021-05-26,Wednesday
419,/EtzionR/Kmeans-Simulator,2021,05,26,11,15,12,2021-05-26,Wednesday
420,/EtzionR/Recursive-HeatMap-Calculation,2021,08,17,19,57,10,2021-08-17,Tuesday
421,/EtzionR/Recursive-HeatMap-Calculation,2021,08,05,09,48,15,2021-08-05,Thursday
422,/EtzionR/Recursive-HeatMap-Calculation,2021,08,05,09,21,45,2021-08-05,Thursday
423,/EtzionR/Recursive-HeatMap-Calculation,2021,06,10,14,39,23,2021-06-10,Thursday
424,/EtzionR/Recursive-HeatMap-Calculation,2020,12,27,18,22,39,2020-12-27,Sunday
425,/EtzionR/Recursive-HeatMap-Calculation,2020,12,01,10,25,52,2020-12-01,Tuesday
426,/EtzionR/Recursive-HeatMap-Calculation,2020,11,14,21,26,08,2020-11-14,Saturday
427,/EtzionR/Recursive-HeatMap-Calculation,2020,11,14,21,25,46,2020-11-14,Saturday
428,/EtzionR/Recursive-HeatMap-Calculation,2020,11,12,18,43,06,2020-11-12,Thursday
429,/EtzionR/Recursive-HeatMap-Calculation,2020,11,12,18,42,42,2020-11-12,Thursday
430,/EtzionR/Recursive-HeatMap-Calculation,2020,10,12,16,36,11,2020-10-12,Monday
431,/EtzionR/Recursive-HeatMap-Calculation,2020,10,12,16,26,01,2020-10-12,Monday
432,/EtzionR/Recursive-HeatMap-Calculation,2020,10,12,16,24,38,2020-10-12,Monday
433,/EtzionR/Recursive-HeatMap-Calculation,2020,10,12,13,11,24,2020-10-12,Monday
434,/EtzionR/Recursive-HeatMap-Calculation,2020,10,12,12,35,30,2020-10-12,Monday
435,/EtzionR/Recursive-HeatMap-Calculation,2020,10,11,21,06,42,2020-10-11,Sunday
436,/EtzionR/Recursive-HeatMap-Calculation,2020,10,07,20,49,39,2020-10-07,Wednesday
437,/EtzionR/Recursive-HeatMap-Calculation,2020,09,28,20,11,05,2020-09-28,Monday
438,/EtzionR/Recursive-HeatMap-Calculation,2020,09,28,20,10,04,2020-09-28,Monday
439,/EtzionR/Recursive-HeatMap-Calculation,2020,09,26,21,25,23,2020-09-26,Saturday
440,/EtzionR/Recursive-HeatMap-Calculation,2020,09,23,22,31,21,2020-09-23,Wednesday
441,/EtzionR/Recursive-HeatMap-Calculation,2020,09,23,22,29,59,2020-09-23,Wednesday
442,/EtzionR/Recursive-HeatMap-Calculation,2020,09,23,22,29,04,2020-09-23,Wednesday
443,/EtzionR/Recursive-HeatMap-Calculation,2020,09,23,22,26,43,2020-09-23,Wednesday
444,/EtzionR/Recursive-HeatMap-Calculation,2020,09,23,22,25,58,2020-09-23,Wednesday
445,/EtzionR/Recursive-HeatMap-Calculation,2020,09,23,21,42,43,2020-09-23,Wednesday
446,/EtzionR/Recursive-HeatMap-Calculation,2020,09,23,21,40,47,2020-09-23,Wednesday
447,/EtzionR/Recursive-HeatMap-Calculation,2020,09,23,21,40,27,2020-09-23,Wednesday
448,/EtzionR/Recursive-HeatMap-Calculation,2020,09,23,21,30,08,2020-09-23,Wednesday
449,/EtzionR/Recursive-HeatMap-Calculation,2020,09,23,21,28,14,2020-09-23,Wednesday
450,/EtzionR/Recursive-HeatMap-Calculation,2020,09,23,21,20,58,2020-09-23,Wednesday
451,/EtzionR/Recursive-HeatMap-Calculation,2020,09,23,21,18,14,2020-09-23,Wednesday
452,/EtzionR/Recursive-HeatMap-Calculation,2020,09,23,21,13,41,2020-09-23,Wednesday
453,/EtzionR/Recursive-HeatMap-Calculation,2020,09,23,21,11,05,2020-09-23,Wednesday
454,/EtzionR/Recursive-HeatMap-Calculation,2020,09,23,20,26,08,2020-09-23,Wednesday
455,/EtzionR/Recursive-HeatMap-Calculation,2020,09,23,20,26,05,2020-09-23,Wednesday
456,/EtzionR/Recursive-HeatMap-Calculation,2020,09,23,20,26,02,2020-09-23,Wednesday
457,/EtzionR/Recursive-HeatMap-Calculation,2020,09,23,19,56,49,2020-09-23,Wednesday
458,/EtzionR/Recursive-HeatMap-Calculation,2020,09,23,19,42,05,2020-09-23,Wednesday
459,/EtzionR/Recursive-HeatMap-Calculation,2020,09,23,19,41,40,2020-09-23,Wednesday
460,/EtzionR/Recursive-HeatMap-Calculation,2020,09,23,19,41,08,2020-09-23,Wednesday
461,/EtzionR/Recursive-HeatMap-Calculation,2020,09,23,19,40,18,2020-09-23,Wednesday
462,/EtzionR/Recursive-HeatMap-Calculation,2020,09,23,19,39,59,2020-09-23,Wednesday
463,/EtzionR/Recursive-HeatMap-Calculation,2020,09,23,19,25,27,2020-09-23,Wednesday
464,/EtzionR/Recursive-HeatMap-Calculation,2020,09,23,18,51,33,2020-09-23,Wednesday
465,/EtzionR/Recursive-HeatMap-Calculation,2020,09,23,17,05,18,2020-09-23,Wednesday
466,/EtzionR/Recursive-HeatMap-Calculation,2020,09,23,16,57,50,2020-09-23,Wednesday
467,/EtzionR/Recursive-HeatMap-Calculation,2020,09,23,16,53,20,2020-09-23,Wednesday
468,/EtzionR/create-multi-smooth-density-plot,2021,08,17,19,56,58,2021-08-17,Tuesday
469,/EtzionR/create-multi-smooth-density-plot,2021,08,05,09,23,55,2021-08-05,Thursday
470,/EtzionR/create-multi-smooth-density-plot,2020,12,27,18,20,57,2020-12-27,Sunday
471,/EtzionR/create-multi-smooth-density-plot,2020,12,01,10,28,05,2020-12-01,Tuesday
472,/EtzionR/create-multi-smooth-density-plot,2020,09,28,20,12,59,2020-09-28,Monday
473,/EtzionR/create-multi-smooth-density-plot,2020,09,15,15,32,11,2020-09-15,Tuesday
474,/EtzionR/create-multi-smooth-density-plot,2020,09,14,21,04,46,2020-09-14,Monday
475,/EtzionR/create-multi-smooth-density-plot,2020,09,14,21,03,39,2020-09-14,Monday
476,/EtzionR/create-multi-smooth-density-plot,2020,09,14,21,02,09,2020-09-14,Monday
477,/EtzionR/create-multi-smooth-density-plot,2020,09,14,21,02,05,2020-09-14,Monday
478,/EtzionR/create-multi-smooth-density-plot,2020,09,14,21,02,00,2020-09-14,Monday
479,/EtzionR/create-multi-smooth-density-plot,2020,09,14,21,01,57,2020-09-14,Monday
480,/EtzionR/create-multi-smooth-density-plot,2020,09,14,21,01,54,2020-09-14,Monday
481,/EtzionR/create-multi-smooth-density-plot,2020,09,14,21,01,51,2020-09-14,Monday
482,/EtzionR/create-multi-smooth-density-plot,2020,09,14,21,01,48,2020-09-14,Monday
483,/EtzionR/create-multi-smooth-density-plot,2020,09,14,21,01,45,2020-09-14,Monday
484,/EtzionR/create-multi-smooth-density-plot,2020,09,14,21,01,43,2020-09-14,Monday
485,/EtzionR/create-multi-smooth-density-plot,2020,09,14,21,01,39,2020-09-14,Monday
486,/EtzionR/create-multi-smooth-density-plot,2020,09,03,13,45,28,2020-09-03,Thursday
487,/EtzionR/create-multi-smooth-density-plot,2020,09,03,13,45,04,2020-09-03,Thursday
488,/EtzionR/create-multi-smooth-density-plot,2020,09,02,22,08,22,2020-09-02,Wednesday
489,/EtzionR/create-multi-smooth-density-plot,2020,09,02,22,07,48,2020-09-02,Wednesday
490,/EtzionR/create-multi-smooth-density-plot,2020,09,02,22,07,18,2020-09-02,Wednesday
491,/EtzionR/create-multi-smooth-density-plot,2020,08,28,14,09,18,2020-08-28,Friday
492,/EtzionR/create-multi-smooth-density-plot,2020,07,17,15,50,27,2020-07-17,Friday
493,/EtzionR/create-multi-smooth-density-plot,2020,07,17,11,52,23,2020-07-17,Friday
494,/EtzionR/create-multi-smooth-density-plot,2020,07,16,19,17,18,2020-07-16,Thursday
495,/EtzionR/create-multi-smooth-density-plot,2020,07,16,19,16,07,2020-07-16,Thursday
496,/EtzionR/create-Wikipedia-pages-network-using-BFS-crawler,2021,08,17,19,56,48,2021-08-17,Tuesday
497,/EtzionR/create-Wikipedia-pages-network-using-BFS-crawler,2021,08,05,09,23,44,2021-08-05,Thursday
498,/EtzionR/create-Wikipedia-pages-network-using-BFS-crawler,2020,12,27,18,22,33,2020-12-27,Sunday
499,/EtzionR/create-Wikipedia-pages-network-using-BFS-crawler,2020,12,01,10,25,01,2020-12-01,Tuesday
500,/EtzionR/create-Wikipedia-pages-network-using-BFS-crawler,2020,11,14,21,34,38,2020-11-14,Saturday
501,/EtzionR/create-Wikipedia-pages-network-using-BFS-crawler,2020,10,12,17,16,52,2020-10-12,Monday
502,/EtzionR/create-Wikipedia-pages-network-using-BFS-crawler,2020,10,12,17,14,36,2020-10-12,Monday
503,/EtzionR/create-Wikipedia-pages-network-using-BFS-crawler,2020,09,28,20,12,11,2020-09-28,Monday
504,/EtzionR/create-Wikipedia-pages-network-using-BFS-crawler,2020,09,26,21,54,01,2020-09-26,Saturday
505,/EtzionR/create-Wikipedia-pages-network-using-BFS-crawler,2020,09,15,15,30,17,2020-09-15,Tuesday
506,/EtzionR/create-Wikipedia-pages-network-using-BFS-crawler,2020,09,14,13,17,26,2020-09-14,Monday
507,/EtzionR/create-Wikipedia-pages-network-using-BFS-crawler,2020,09,14,13,16,22,2020-09-14,Monday
508,/EtzionR/create-Wikipedia-pages-network-using-BFS-crawler,2020,09,14,13,16,18,2020-09-14,Monday
509,/EtzionR/create-Wikipedia-pages-network-using-BFS-crawler,2020,09,14,13,16,15,2020-09-14,Monday
510,/EtzionR/create-Wikipedia-pages-network-using-BFS-crawler,2020,09,14,13,16,11,2020-09-14,Monday
511,/EtzionR/create-Wikipedia-pages-network-using-BFS-crawler,2020,09,14,13,16,08,2020-09-14,Monday
512,/EtzionR/create-Wikipedia-pages-network-using-BFS-crawler,2020,09,14,13,16,04,2020-09-14,Monday
513,/EtzionR/create-Wikipedia-pages-network-using-BFS-crawler,2020,09,14,13,15,59,2020-09-14,Monday
514,/EtzionR/create-Wikipedia-pages-network-using-BFS-crawler,2020,09,06,19,58,11,2020-09-06,Sunday
515,/EtzionR/create-Wikipedia-pages-network-using-BFS-crawler,2020,09,06,19,57,32,2020-09-06,Sunday
516,/EtzionR/create-Wikipedia-pages-network-using-BFS-crawler,2020,09,06,19,56,33,2020-09-06,Sunday
517,/EtzionR/create-Wikipedia-pages-network-using-BFS-crawler,2020,09,03,10,55,39,2020-09-03,Thursday
518,/EtzionR/create-Wikipedia-pages-network-using-BFS-crawler,2020,09,03,10,55,28,2020-09-03,Thursday
519,/EtzionR/create-Wikipedia-pages-network-using-BFS-crawler,2020,09,03,10,53,44,2020-09-03,Thursday
520,/EtzionR/create-Wikipedia-pages-network-using-BFS-crawler,2020,09,03,10,52,31,2020-09-03,Thursday
521,/EtzionR/create-Wikipedia-pages-network-using-BFS-crawler,2020,08,31,13,46,48,2020-08-31,Monday
522,/EtzionR/create-Wikipedia-pages-network-using-BFS-crawler,2020,08,28,14,06,57,2020-08-28,Friday
523,/EtzionR/create-Wikipedia-pages-network-using-BFS-crawler,2020,08,25,16,26,32,2020-08-25,Tuesday
524,/EtzionR/create-Wikipedia-pages-network-using-BFS-crawler,2020,08,25,10,59,58,2020-08-25,Tuesday
525,/EtzionR/create-Wikipedia-pages-network-using-BFS-crawler,2020,08,05,18,53,50,2020-08-05,Wednesday
526,/EtzionR/create-Wikipedia-pages-network-using-BFS-crawler,2020,08,05,18,52,57,2020-08-05,Wednesday
527,/EtzionR/create-Wikipedia-pages-network-using-BFS-crawler,2020,08,05,18,49,13,2020-08-05,Wednesday
528,/EtzionR/create-Wikipedia-pages-network-using-BFS-crawler,2020,08,02,00,25,42,2020-08-02,Sunday
529,/EtzionR/create-Wikipedia-pages-network-using-BFS-crawler,2020,08,01,21,59,18,2020-08-01,Saturday
530,/EtzionR/create-Wikipedia-pages-network-using-BFS-crawler,2020,08,01,21,58,48,2020-08-01,Saturday
531,/EtzionR/create-Wikipedia-pages-network-using-BFS-crawler,2020,08,01,21,55,12,2020-08-01,Saturday
532,/EtzionR/create-Wikipedia-pages-network-using-BFS-crawler,2020,08,01,21,54,35,2020-08-01,Saturday
533,/EtzionR/create-Wikipedia-pages-network-using-BFS-crawler,2020,08,01,21,54,26,2020-08-01,Saturday
534,/EtzionR/create-Wikipedia-pages-network-using-BFS-crawler,2020,08,01,21,54,13,2020-08-01,Saturday
535,/EtzionR/create-Wikipedia-pages-network-using-BFS-crawler,2020,08,01,21,50,25,2020-08-01,Saturday
536,/EtzionR/create-Wikipedia-pages-network-using-BFS-crawler,2020,08,01,21,49,08,2020-08-01,Saturday
537,/EtzionR/create-Wikipedia-pages-network-using-BFS-crawler,2020,08,01,21,48,23,2020-08-01,Saturday
538,/EtzionR/create-Wikipedia-pages-network-using-BFS-crawler,2020,08,01,21,38,10,2020-08-01,Saturday
539,/EtzionR/create-Wikipedia-pages-network-using-BFS-crawler,2020,08,01,21,36,45,2020-08-01,Saturday
540,/EtzionR/create-Wikipedia-pages-network-using-BFS-crawler,2020,08,01,21,35,11,2020-08-01,Saturday
541,/EtzionR/generate-Convex-Hull-SHP-from-HDBSCAN-clustering-probabilities,2021,08,17,19,56,34,2021-08-17,Tuesday
542,/EtzionR/generate-Convex-Hull-SHP-from-HDBSCAN-clustering-probabilities,2021,08,05,09,23,19,2021-08-05,Thursday
543,/EtzionR/generate-Convex-Hull-SHP-from-HDBSCAN-clustering-probabilities,2020,12,27,18,22,36,2020-12-27,Sunday
544,/EtzionR/generate-Convex-Hull-SHP-from-HDBSCAN-clustering-probabilities,2020,12,01,10,25,20,2020-12-01,Tuesday
545,/EtzionR/generate-Convex-Hull-SHP-from-HDBSCAN-clustering-probabilities,2020,11,14,21,30,19,2020-11-14,Saturday
546,/EtzionR/generate-Convex-Hull-SHP-from-HDBSCAN-clustering-probabilities,2020,10,12,17,15,47,2020-10-12,Monday
547,/EtzionR/generate-Convex-Hull-SHP-from-HDBSCAN-clustering-probabilities,2020,10,01,20,50,20,2020-10-01,Thursday
548,/EtzionR/generate-Convex-Hull-SHP-from-HDBSCAN-clustering-probabilities,2020,09,30,22,28,43,2020-09-30,Wednesday
549,/EtzionR/generate-Convex-Hull-SHP-from-HDBSCAN-clustering-probabilities,2020,09,30,22,26,33,2020-09-30,Wednesday
550,/EtzionR/generate-Convex-Hull-SHP-from-HDBSCAN-clustering-probabilities,2020,09,30,22,15,14,2020-09-30,Wednesday
551,/EtzionR/generate-Convex-Hull-SHP-from-HDBSCAN-clustering-probabilities,2020,09,30,14,05,00,2020-09-30,Wednesday
552,/EtzionR/generate-Convex-Hull-SHP-from-HDBSCAN-clustering-probabilities,2020,09,28,20,11,47,2020-09-28,Monday
553,/EtzionR/generate-Convex-Hull-SHP-from-HDBSCAN-clustering-probabilities,2020,09,23,22,34,44,2020-09-23,Wednesday
554,/EtzionR/generate-Convex-Hull-SHP-from-HDBSCAN-clustering-probabilities,2020,09,17,15,44,40,2020-09-17,Thursday
555,/EtzionR/generate-Convex-Hull-SHP-from-HDBSCAN-clustering-probabilities,2020,09,15,15,27,48,2020-09-15,Tuesday
556,/EtzionR/generate-Convex-Hull-SHP-from-HDBSCAN-clustering-probabilities,2020,09,15,15,27,21,2020-09-15,Tuesday
557,/EtzionR/generate-Convex-Hull-SHP-from-HDBSCAN-clustering-probabilities,2020,09,15,14,36,37,2020-09-15,Tuesday
558,/EtzionR/generate-Convex-Hull-SHP-from-HDBSCAN-clustering-probabilities,2020,09,15,14,35,29,2020-09-15,Tuesday
559,/EtzionR/generate-Convex-Hull-SHP-from-HDBSCAN-clustering-probabilities,2020,09,15,12,31,40,2020-09-15,Tuesday
560,/EtzionR/generate-Convex-Hull-SHP-from-HDBSCAN-clustering-probabilities,2020,09,15,12,29,46,2020-09-15,Tuesday
561,/EtzionR/generate-Convex-Hull-SHP-from-HDBSCAN-clustering-probabilities,2020,09,15,12,24,45,2020-09-15,Tuesday
562,/EtzionR/generate-Convex-Hull-SHP-from-HDBSCAN-clustering-probabilities,2020,09,15,12,16,00,2020-09-15,Tuesday
563,/EtzionR/generate-Convex-Hull-SHP-from-HDBSCAN-clustering-probabilities,2020,09,15,12,03,47,2020-09-15,Tuesday
564,/EtzionR/generate-Convex-Hull-SHP-from-HDBSCAN-clustering-probabilities,2020,09,15,11,49,15,2020-09-15,Tuesday
565,/EtzionR/generate-Convex-Hull-SHP-from-HDBSCAN-clustering-probabilities,2020,09,15,11,43,55,2020-09-15,Tuesday
566,/EtzionR/generate-Convex-Hull-SHP-from-HDBSCAN-clustering-probabilities,2020,09,15,11,43,16,2020-09-15,Tuesday
567,/EtzionR/generate-Convex-Hull-SHP-from-HDBSCAN-clustering-probabilities,2020,09,15,11,24,40,2020-09-15,Tuesday
568,/EtzionR/generate-Convex-Hull-SHP-from-HDBSCAN-clustering-probabilities,2020,09,15,11,21,39,2020-09-15,Tuesday
569,/EtzionR/generate-Convex-Hull-SHP-from-HDBSCAN-clustering-probabilities,2020,09,15,11,17,26,2020-09-15,Tuesday
570,/EtzionR/generate-Convex-Hull-SHP-from-HDBSCAN-clustering-probabilities,2020,09,15,11,13,45,2020-09-15,Tuesday
571,/EtzionR/generate-Convex-Hull-SHP-from-HDBSCAN-clustering-probabilities,2020,09,15,10,56,56,2020-09-15,Tuesday
572,/EtzionR/generate-Convex-Hull-SHP-from-HDBSCAN-clustering-probabilities,2020,09,15,10,40,50,2020-09-15,Tuesday
573,/EtzionR/create-sector-shape-KML-file,2021,08,17,19,56,20,2021-08-17,Tuesday
574,/EtzionR/create-sector-shape-KML-file,2021,08,05,09,23,05,2021-08-05,Thursday
575,/EtzionR/create-sector-shape-KML-file,2020,12,27,18,22,47,2020-12-27,Sunday
576,/EtzionR/create-sector-shape-KML-file,2020,12,01,10,26,53,2020-12-01,Tuesday
577,/EtzionR/create-sector-shape-KML-file,2020,10,22,09,16,49,2020-10-22,Thursday
578,/EtzionR/create-sector-shape-KML-file,2020,10,22,09,14,15,2020-10-22,Thursday
579,/EtzionR/create-sector-shape-KML-file,2020,10,12,22,21,30,2020-10-12,Monday
580,/EtzionR/create-sector-shape-KML-file,2020,09,28,20,11,23,2020-09-28,Monday
581,/EtzionR/create-sector-shape-KML-file,2020,09,28,20,09,46,2020-09-28,Monday
582,/EtzionR/create-sector-shape-KML-file,2020,09,22,17,01,58,2020-09-22,Tuesday
583,/EtzionR/create-sector-shape-KML-file,2020,09,20,22,14,35,2020-09-20,Sunday
584,/EtzionR/create-sector-shape-KML-file,2020,09,14,12,48,04,2020-09-14,Monday
585,/EtzionR/create-sector-shape-KML-file,2020,09,14,12,46,43,2020-09-14,Monday
586,/EtzionR/create-sector-shape-KML-file,2020,09,14,12,35,34,2020-09-14,Monday
587,/EtzionR/create-sector-shape-KML-file,2020,09,14,12,35,30,2020-09-14,Monday
588,/EtzionR/create-sector-shape-KML-file,2020,09,14,12,35,25,2020-09-14,Monday
589,/EtzionR/create-sector-shape-KML-file,2020,09,14,12,35,21,2020-09-14,Monday
590,/EtzionR/create-sector-shape-KML-file,2020,09,14,12,35,17,2020-09-14,Monday
591,/EtzionR/create-sector-shape-KML-file,2020,09,14,12,35,15,2020-09-14,Monday
592,/EtzionR/create-sector-shape-KML-file,2020,09,14,12,35,12,2020-09-14,Monday
593,/EtzionR/create-sector-shape-KML-file,2020,09,14,12,35,08,2020-09-14,Monday
594,/EtzionR/create-sector-shape-KML-file,2020,09,08,15,26,59,2020-09-08,Tuesday
595,/EtzionR/create-sector-shape-KML-file,2020,09,06,09,20,31,2020-09-06,Sunday
596,/EtzionR/create-sector-shape-KML-file,2020,09,06,09,19,59,2020-09-06,Sunday
597,/EtzionR/create-sector-shape-KML-file,2020,09,06,09,17,12,2020-09-06,Sunday
598,/EtzionR/create-sector-shape-KML-file,2020,09,03,22,41,32,2020-09-03,Thursday
599,/EtzionR/create-sector-shape-KML-file,2020,09,03,13,40,16,2020-09-03,Thursday
600,/EtzionR/create-sector-shape-KML-file,2020,09,03,13,39,17,2020-09-03,Thursday
601,/EtzionR/create-sector-shape-KML-file,2020,09,03,09,16,25,2020-09-03,Thursday
602,/EtzionR/create-sector-shape-KML-file,2020,09,03,09,16,09,2020-09-03,Thursday
603,/EtzionR/create-sector-shape-KML-file,2020,09,02,21,51,44,2020-09-02,Wednesday
604,/EtzionR/create-sector-shape-KML-file,2020,09,02,21,50,37,2020-09-02,Wednesday
605,/EtzionR/create-sector-shape-KML-file,2020,09,02,21,49,48,2020-09-02,Wednesday
606,/EtzionR/create-sector-shape-KML-file,2020,09,02,21,27,18,2020-09-02,Wednesday
607,/EtzionR/create-sector-shape-KML-file,2020,09,02,21,24,13,2020-09-02,Wednesday
608,/EtzionR/create-sector-shape-KML-file,2020,09,02,19,34,44,2020-09-02,Wednesday
609,/EtzionR/create-sector-shape-KML-file,2020,09,02,19,34,13,2020-09-02,Wednesday
610,/EtzionR/create-sector-shape-KML-file,2020,09,02,19,06,05,2020-09-02,Wednesday
611,/EtzionR/create-sector-shape-KML-file,2020,09,02,19,03,09,2020-09-02,Wednesday
612,/EtzionR/create-sector-shape-KML-file,2020,09,02,19,02,14,2020-09-02,Wednesday
613,/EtzionR/create-sector-shape-KML-file,2020,09,02,19,01,42,2020-09-02,Wednesday
614,/EtzionR/create-sector-shape-KML-file,2020,09,02,19,00,02,2020-09-02,Wednesday
615,/EtzionR/create-sector-shape-KML-file,2020,09,02,18,51,08,2020-09-02,Wednesday
616,/EtzionR/create-sector-shape-KML-file,2020,09,02,18,38,43,2020-09-02,Wednesday
617,/EtzionR/create-sector-shape-KML-file,2020,09,02,18,21,16,2020-09-02,Wednesday
618,/EtzionR/create-sector-shape-KML-file,2020,09,02,18,15,49,2020-09-02,Wednesday
619,/EtzionR/create-sector-shape-KML-file,2020,09,02,18,11,46,2020-09-02,Wednesday
620,/EtzionR/create-3d-graph-gif,2021,08,17,19,55,54,2021-08-17,Tuesday
621,/EtzionR/create-3d-graph-gif,2021,08,05,09,22,47,2021-08-05,Thursday
622,/EtzionR/create-3d-graph-gif,2020,12,27,18,22,50,2020-12-27,Sunday
623,/EtzionR/create-3d-graph-gif,2020,12,01,10,27,16,2020-12-01,Tuesday
624,/EtzionR/create-3d-graph-gif,2020,10,12,17,16,05,2020-10-12,Monday
625,/EtzionR/create-3d-graph-gif,2020,10,12,17,15,12,2020-10-12,Monday
626,/EtzionR/create-3d-graph-gif,2020,09,28,20,10,39,2020-09-28,Monday
627,/EtzionR/create-3d-graph-gif,2020,09,15,15,34,11,2020-09-15,Tuesday
628,/EtzionR/create-3d-graph-gif,2020,09,14,20,53,03,2020-09-14,Monday
629,/EtzionR/create-3d-graph-gif,2020,09,14,20,52,33,2020-09-14,Monday
630,/EtzionR/create-3d-graph-gif,2020,09,14,20,51,53,2020-09-14,Monday
631,/EtzionR/create-3d-graph-gif,2020,09,14,20,50,26,2020-09-14,Monday
632,/EtzionR/create-3d-graph-gif,2020,09,14,20,47,51,2020-09-14,Monday
633,/EtzionR/create-3d-graph-gif,2020,09,14,20,47,47,2020-09-14,Monday
634,/EtzionR/create-3d-graph-gif,2020,09,14,20,47,44,2020-09-14,Monday
635,/EtzionR/create-3d-graph-gif,2020,09,14,20,47,41,2020-09-14,Monday
636,/EtzionR/create-3d-graph-gif,2020,09,14,20,47,38,2020-09-14,Monday
637,/EtzionR/create-3d-graph-gif,2020,09,14,20,47,34,2020-09-14,Monday
638,/EtzionR/create-3d-graph-gif,2020,09,14,20,47,30,2020-09-14,Monday
639,/EtzionR/create-3d-graph-gif,2020,09,14,20,47,26,2020-09-14,Monday
640,/EtzionR/create-3d-graph-gif,2020,09,14,20,47,22,2020-09-14,Monday
641,/EtzionR/create-3d-graph-gif,2020,09,08,15,28,19,2020-09-08,Tuesday
642,/EtzionR/create-3d-graph-gif,2020,09,03,13,43,39,2020-09-03,Thursday
643,/EtzionR/create-3d-graph-gif,2020,09,03,13,43,01,2020-09-03,Thursday
644,/EtzionR/create-3d-graph-gif,2020,08,28,14,04,46,2020-08-28,Friday
645,/EtzionR/create-3d-graph-gif,2020,08,28,14,04,26,2020-08-28,Friday
646,/EtzionR/create-3d-graph-gif,2020,08,27,19,04,00,2020-08-27,Thursday
647,/EtzionR/create-3d-graph-gif,2020,08,25,22,37,49,2020-08-25,Tuesday
648,/EtzionR/create-3d-graph-gif,2020,07,17,11,50,28,2020-07-17,Friday
649,/EtzionR/create-3d-graph-gif,2020,07,16,13,53,36,2020-07-16,Thursday
650,/EtzionR/create-3d-graph-gif,2020,07,16,13,52,53,2020-07-16,Thursday
651,/EtzionR/create-3d-graph-gif,2020,07,16,12,03,24,2020-07-16,Thursday
652,/EtzionR/create-3d-graph-gif,2020,07,16,12,02,32,2020-07-16,Thursday
653,/EtzionR/create-3d-graph-gif,2020,07,16,12,01,34,2020-07-16,Thursday
654,/EtzionR/create-3d-graph-gif,2020,07,16,11,58,35,2020-07-16,Thursday
655,/EtzionR/create-3d-graph-gif,2020,07,16,10,49,52,2020-07-16,Thursday
656,/EtzionR/create-3d-graph-gif,2020,07,16,10,48,39,2020-07-16,Thursday
657,/EtzionR/create-3d-graph-gif,2020,07,16,10,48,31,2020-07-16,Thursday
658,/EtzionR/create-3d-graph-gif,2020,07,16,10,48,22,2020-07-16,Thursday
659,/EtzionR/create-3d-graph-gif,2020,07,16,10,48,10,2020-07-16,Thursday
660,/EtzionR/create-3d-graph-gif,2020,07,16,10,47,53,2020-07-16,Thursday
661,/EtzionR/create-3d-graph-gif,2020,07,13,09,00,33,2020-07-13,Monday
662,/EtzionR/create-3d-graph-gif,2020,07,12,21,17,26,2020-07-12,Sunday
663,/EtzionR/create-3d-graph-gif,2020,07,12,21,16,40,2020-07-12,Sunday
664,/EtzionR/create-3d-graph-gif,2020,07,12,20,26,08,2020-07-12,Sunday
665,/EtzionR/create-3d-graph-gif,2020,07,12,20,24,55,2020-07-12,Sunday
666,/EtzionR/create-3d-graph-gif,2020,07,12,20,15,03,2020-07-12,Sunday
667,/EtzionR/create-3d-graph-gif,2020,07,12,20,07,14,2020-07-12,Sunday
668,/EtzionR/Histogram-Dictionary,2021,08,17,19,54,18,2021-08-17,Tuesday
669,/EtzionR/Histogram-Dictionary,2021,08,05,09,22,32,2021-08-05,Thursday
670,/EtzionR/Histogram-Dictionary,2021,04,18,20,44,48,2021-04-18,Sunday
671,/EtzionR/Histogram-Dictionary,2020,12,30,14,49,03,2020-12-30,Wednesday
672,/EtzionR/Histogram-Dictionary,2020,12,30,14,48,43,2020-12-30,Wednesday
673,/EtzionR/Histogram-Dictionary,2020,12,30,11,43,21,2020-12-30,Wednesday
674,/EtzionR/Histogram-Dictionary,2020,12,30,11,42,47,2020-12-30,Wednesday
675,/EtzionR/Histogram-Dictionary,2020,12,30,11,41,16,2020-12-30,Wednesday
676,/EtzionR/Histogram-Dictionary,2020,12,30,11,41,12,2020-12-30,Wednesday
677,/EtzionR/Histogram-Dictionary,2020,12,30,11,41,09,2020-12-30,Wednesday
678,/EtzionR/Histogram-Dictionary,2020,12,30,11,41,07,2020-12-30,Wednesday
679,/EtzionR/Histogram-Dictionary,2020,12,30,11,39,07,2020-12-30,Wednesday
680,/EtzionR/Histogram-Dictionary,2020,12,30,11,38,08,2020-12-30,Wednesday
681,/EtzionR/Histogram-Dictionary,2020,12,30,11,38,02,2020-12-30,Wednesday
682,/EtzionR/Histogram-Dictionary,2020,12,30,11,37,55,2020-12-30,Wednesday
683,/EtzionR/Histogram-Dictionary,2020,12,30,11,37,46,2020-12-30,Wednesday
684,/EtzionR/Histogram-Dictionary,2020,12,30,11,36,35,2020-12-30,Wednesday
685,/EtzionR/Histogram-Dictionary,2020,12,30,11,36,27,2020-12-30,Wednesday
686,/EtzionR/Histogram-Dictionary,2020,12,27,18,22,52,2020-12-27,Sunday
687,/EtzionR/Histogram-Dictionary,2020,12,01,10,27,33,2020-12-01,Tuesday
688,/EtzionR/Histogram-Dictionary,2020,10,08,16,26,10,2020-10-08,Thursday
689,/EtzionR/Histogram-Dictionary,2020,10,08,16,24,37,2020-10-08,Thursday
690,/EtzionR/Histogram-Dictionary,2020,09,15,15,38,35,2020-09-15,Tuesday
691,/EtzionR/Histogram-Dictionary,2020,09,15,15,35,27,2020-09-15,Tuesday
692,/EtzionR/Histogram-Dictionary,2020,09,14,14,00,16,2020-09-14,Monday
693,/EtzionR/Histogram-Dictionary,2020,09,14,13,59,29,2020-09-14,Monday
694,/EtzionR/Histogram-Dictionary,2020,09,14,13,58,12,2020-09-14,Monday
695,/EtzionR/Histogram-Dictionary,2020,09,14,13,55,21,2020-09-14,Monday
696,/EtzionR/Histogram-Dictionary,2020,09,14,13,55,16,2020-09-14,Monday
697,/EtzionR/Histogram-Dictionary,2020,09,14,13,55,13,2020-09-14,Monday
698,/EtzionR/Histogram-Dictionary,2020,09,14,13,55,05,2020-09-14,Monday
699,/EtzionR/Histogram-Dictionary,2020,09,14,13,55,03,2020-09-14,Monday
700,/EtzionR/Histogram-Dictionary,2020,09,14,13,42,53,2020-09-14,Monday
701,/EtzionR/Histogram-Dictionary,2020,09,03,13,46,39,2020-09-03,Thursday
702,/EtzionR/Histogram-Dictionary,2020,09,03,13,46,15,2020-09-03,Thursday
703,/EtzionR/Histogram-Dictionary,2020,08,25,16,31,01,2020-08-25,Tuesday
704,/EtzionR/Histogram-Dictionary,2020,08,25,16,23,10,2020-08-25,Tuesday
705,/EtzionR/Histogram-Dictionary,2020,08,25,15,11,16,2020-08-25,Tuesday
706,/EtzionR/Histogram-Dictionary,2020,08,25,14,56,43,2020-08-25,Tuesday
707,/EtzionR/Finding-Mountaintops-using-DL,2021,08,05,10,00,07,2021-08-05,Thursday
708,/EtzionR/Finding-Mountaintops-using-DL,2020,12,27,18,20,44,2020-12-27,Sunday
709,/EtzionR/Finding-Mountaintops-using-DL,2020,12,21,17,36,19,2020-12-21,Monday
710,/EtzionR/Finding-Mountaintops-using-DL,2020,12,15,21,07,58,2020-12-15,Tuesday
711,/EtzionR/Finding-Mountaintops-using-DL,2020,12,15,21,05,23,2020-12-15,Tuesday
712,/EtzionR/Finding-Mountaintops-using-DL,2020,12,15,21,04,35,2020-12-15,Tuesday
713,/EtzionR/Finding-Mountaintops-using-DL,2020,12,15,21,03,56,2020-12-15,Tuesday
714,/EtzionR/Finding-Mountaintops-using-DL,2020,12,08,15,39,10,2020-12-08,Tuesday
715,/EtzionR/Finding-Mountaintops-using-DL,2020,12,08,14,15,10,2020-12-08,Tuesday
716,/EtzionR/Finding-Mountaintops-using-DL,2020,12,08,12,01,24,2020-12-08,Tuesday
717,/EtzionR/Finding-Mountaintops-using-DL,2020,12,08,12,01,20,2020-12-08,Tuesday
718,/EtzionR/Finding-Mountaintops-using-DL,2020,12,08,12,00,20,2020-12-08,Tuesday
719,/EtzionR/Finding-Mountaintops-using-DL,2020,12,07,22,50,40,2020-12-07,Monday
720,/EtzionR/Finding-Mountaintops-using-DL,2020,12,07,22,49,22,2020-12-07,Monday
721,/EtzionR/Finding-Mountaintops-using-DL,2020,12,07,22,38,44,2020-12-07,Monday
722,/EtzionR/Finding-Mountaintops-using-DL,2020,12,07,22,28,57,2020-12-07,Monday
723,/EtzionR/Finding-Mountaintops-using-DL,2020,12,07,22,28,38,2020-12-07,Monday
724,/EtzionR/Finding-Mountaintops-using-DL,2020,12,07,22,27,04,2020-12-07,Monday
725,/EtzionR/Finding-Mountaintops-using-DL,2020,12,07,22,25,13,2020-12-07,Monday
726,/EtzionR/Finding-Mountaintops-using-DL,2020,12,07,22,25,01,2020-12-07,Monday
727,/EtzionR/Finding-Mountaintops-using-DL,2020,12,07,22,23,45,2020-12-07,Monday
728,/EtzionR/Finding-Mountaintops-using-DL,2020,12,07,22,20,40,2020-12-07,Monday
729,/EtzionR/Finding-Mountaintops-using-DL,2020,12,07,22,20,34,2020-12-07,Monday
730,/EtzionR/Finding-Mountaintops-using-DL,2020,12,07,22,18,23,2020-12-07,Monday
731,/EtzionR/Finding-Mountaintops-using-DL,2020,12,07,21,54,38,2020-12-07,Monday
732,/EtzionR/Finding-Mountaintops-using-DL,2020,12,07,21,54,36,2020-12-07,Monday
733,/EtzionR/Finding-Mountaintops-using-DL,2020,12,07,21,54,34,2020-12-07,Monday
734,/EtzionR/Finding-Mountaintops-using-DL,2020,12,07,21,54,32,2020-12-07,Monday
735,/EtzionR/Finding-Mountaintops-using-DL,2020,12,07,21,54,30,2020-12-07,Monday
736,/EtzionR/Finding-Mountaintops-using-DL,2020,12,07,21,54,28,2020-12-07,Monday
737,/EtzionR/Finding-Mountaintops-using-DL,2020,12,07,21,54,26,2020-12-07,Monday
738,/EtzionR/Finding-Mountaintops-using-DL,2020,12,07,21,54,24,2020-12-07,Monday
739,/EtzionR/Finding-Mountaintops-using-DL,2020,12,07,21,54,22,2020-12-07,Monday
740,/EtzionR/Finding-Mountaintops-using-DL,2020,12,07,21,54,20,2020-12-07,Monday
741,/EtzionR/Finding-Mountaintops-using-DL,2020,12,03,21,41,52,2020-12-03,Thursday
742,/EtzionR/Finding-Mountaintops-using-DL,2020,12,03,21,38,54,2020-12-03,Thursday
743,/EtzionR/Finding-Mountaintops-using-DL,2020,12,03,18,37,59,2020-12-03,Thursday
744,/EtzionR/Finding-Mountaintops-using-DL,2020,12,01,22,48,04,2020-12-01,Tuesday
745,/EtzionR/Finding-Mountaintops-using-DL,2020,12,01,22,41,39,2020-12-01,Tuesday
746,/EtzionR/Finding-Mountaintops-using-DL,2020,12,01,22,39,00,2020-12-01,Tuesday
747,/EtzionR/Finding-Mountaintops-using-DL,2020,12,01,22,34,13,2020-12-01,Tuesday
748,/EtzionR/Finding-Mountaintops-using-DL,2020,12,01,22,22,44,2020-12-01,Tuesday
749,/EtzionR/Finding-Mountaintops-using-DL,2020,12,01,22,12,20,2020-12-01,Tuesday
750,/EtzionR/Finding-Mountaintops-using-DL,2020,12,01,22,01,18,2020-12-01,Tuesday
751,/EtzionR/Finding-Mountaintops-using-DL,2020,12,01,22,00,10,2020-12-01,Tuesday
752,/EtzionR/Finding-Mountaintops-using-DL,2020,12,01,21,51,44,2020-12-01,Tuesday
753,/EtzionR/Finding-Mountaintops-using-DL,2020,12,01,21,47,48,2020-12-01,Tuesday
754,/EtzionR/Finding-Mountaintops-using-DL,2020,12,01,21,25,33,2020-12-01,Tuesday
755,/EtzionR/Finding-Mountaintops-using-DL,2020,12,01,21,25,09,2020-12-01,Tuesday
756,/EtzionR/Finding-Mountaintops-using-DL,2020,12,01,21,24,57,2020-12-01,Tuesday
757,/EtzionR/Finding-Mountaintops-using-DL,2020,12,01,21,24,06,2020-12-01,Tuesday
758,/EtzionR/Finding-Mountaintops-using-DL,2020,12,01,21,23,25,2020-12-01,Tuesday
759,/EtzionR/Finding-Mountaintops-using-DL,2020,12,01,21,22,20,2020-12-01,Tuesday
760,/EtzionR/Finding-Mountaintops-using-DL,2020,12,01,21,21,51,2020-12-01,Tuesday
761,/EtzionR/Finding-Mountaintops-using-DL,2020,12,01,20,19,11,2020-12-01,Tuesday
762,/EtzionR/Finding-Mountaintops-using-DL,2020,12,01,20,18,43,2020-12-01,Tuesday
763,/EtzionR/Finding-Mountaintops-using-DL,2020,12,01,20,13,48,2020-12-01,Tuesday
764,/EtzionR/Finding-Mountaintops-using-DL,2020,12,01,10,47,53,2020-12-01,Tuesday
765,/EtzionR/Finding-Mountaintops-using-DL,2020,12,01,10,47,47,2020-12-01,Tuesday
766,/EtzionR/Finding-Mountaintops-using-DL,2020,12,01,10,22,52,2020-12-01,Tuesday
767,/EtzionR/Finding-Mountaintops-using-DL,2020,12,01,10,21,44,2020-12-01,Tuesday
768,/EtzionR/Finding-Mountaintops-using-DL,2020,12,01,10,14,45,2020-12-01,Tuesday
769,/EtzionR/Finding-Mountaintops-using-DL,2020,12,01,10,10,02,2020-12-01,Tuesday
770,/EtzionR/Finding-Mountaintops-using-DL,2020,12,01,09,58,42,2020-12-01,Tuesday
771,/EtzionR/Finding-Mountaintops-using-DL,2020,12,01,09,56,05,2020-12-01,Tuesday
772,/EtzionR/Finding-Mountaintops-using-DL,2020,12,01,09,53,55,2020-12-01,Tuesday
773,/EtzionR/Finding-Mountaintops-using-DL,2020,12,01,09,53,50,2020-12-01,Tuesday
774,/EtzionR/Finding-Mountaintops-using-DL,2020,12,01,09,53,44,2020-12-01,Tuesday
775,/EtzionR/Finding-Mountaintops-using-DL,2020,12,01,09,53,15,2020-12-01,Tuesday
776,/EtzionR/Finding-Mountaintops-using-DL,2020,12,01,09,51,53,2020-12-01,Tuesday
777,/EtzionR/Finding-Mountaintops-using-DL,2020,12,01,09,48,34,2020-12-01,Tuesday
778,/EtzionR/Finding-Mountaintops-using-DL,2020,12,01,09,48,04,2020-12-01,Tuesday
779,/EtzionR/Finding-Mountaintops-using-DL,2020,12,01,09,47,52,2020-12-01,Tuesday
780,/EtzionR/Finding-Mountaintops-using-DL,2020,12,01,09,46,25,2020-12-01,Tuesday
781,/EtzionR/Finding-Mountaintops-using-DL,2020,12,01,09,43,13,2020-12-01,Tuesday
782,/EtzionR/Finding-Mountaintops-using-DL,2020,12,01,09,40,00,2020-12-01,Tuesday
783,/EtzionR/fire-kite-analysis,2021,04,27,16,58,58,2021-04-27,Tuesday
784,/EtzionR/fire-kite-analysis,2020,12,27,18,22,29,2020-12-27,Sunday
785,/EtzionR/fire-kite-analysis,2020,11,29,16,21,46,2020-11-29,Sunday
786,/EtzionR/fire-kite-analysis,2020,11,29,16,21,29,2020-11-29,Sunday
787,/EtzionR/fire-kite-analysis,2020,11,21,21,21,58,2020-11-21,Saturday
788,/EtzionR/fire-kite-analysis,2020,11,18,20,08,13,2020-11-18,Wednesday
789,/EtzionR/fire-kite-analysis,2020,11,18,20,06,23,2020-11-18,Wednesday
790,/EtzionR/fire-kite-analysis,2020,11,18,20,05,28,2020-11-18,Wednesday
791,/EtzionR/fire-kite-analysis,2020,11,18,19,07,55,2020-11-18,Wednesday
792,/EtzionR/fire-kite-analysis,2020,11,14,16,38,49,2020-11-14,Saturday
793,/EtzionR/fire-kite-analysis,2020,11,14,16,37,49,2020-11-14,Saturday
794,/EtzionR/fire-kite-analysis,2020,11,13,13,53,13,2020-11-13,Friday
795,/EtzionR/fire-kite-analysis,2020,11,13,13,45,52,2020-11-13,Friday
796,/EtzionR/fire-kite-analysis,2020,11,13,13,44,48,2020-11-13,Friday
797,/EtzionR/fire-kite-analysis,2020,11,13,13,43,51,2020-11-13,Friday
798,/EtzionR/fire-kite-analysis,2020,11,13,13,42,36,2020-11-13,Friday
799,/EtzionR/fire-kite-analysis,2020,11,13,13,38,31,2020-11-13,Friday
800,/EtzionR/fire-kite-analysis,2020,11,13,13,36,12,2020-11-13,Friday
801,/EtzionR/fire-kite-analysis,2020,11,13,13,33,22,2020-11-13,Friday
802,/EtzionR/fire-kite-analysis,2020,11,13,13,32,15,2020-11-13,Friday
803,/EtzionR/fire-kite-analysis,2020,11,13,13,31,04,2020-11-13,Friday
804,/EtzionR/fire-kite-analysis,2020,11,13,13,22,32,2020-11-13,Friday
805,/EtzionR/fire-kite-analysis,2020,11,13,13,19,04,2020-11-13,Friday
806,/EtzionR/fire-kite-analysis,2020,11,13,13,00,44,2020-11-13,Friday
807,/EtzionR/fire-kite-analysis,2020,11,13,12,59,20,2020-11-13,Friday
808,/EtzionR/fire-kite-analysis,2020,11,13,12,48,38,2020-11-13,Friday
809,/EtzionR/fire-kite-analysis,2020,11,13,12,40,16,2020-11-13,Friday
810,/EtzionR/fire-kite-analysis,2020,11,13,12,38,09,2020-11-13,Friday
811,/EtzionR/fire-kite-analysis,2020,11,13,12,27,54,2020-11-13,Friday
812,/EtzionR/fire-kite-analysis,2020,11,13,12,25,50,2020-11-13,Friday
813,/EtzionR/fire-kite-analysis,2020,11,13,12,25,17,2020-11-13,Friday
814,/EtzionR/fire-kite-analysis,2020,11,13,12,16,44,2020-11-13,Friday
815,/EtzionR/fire-kite-analysis,2020,11,13,12,03,27,2020-11-13,Friday
816,/EtzionR/fire-kite-analysis,2020,11,13,12,03,03,2020-11-13,Friday
817,/EtzionR/fire-kite-analysis,2020,11,13,12,00,54,2020-11-13,Friday
818,/EtzionR/fire-kite-analysis,2020,11,13,12,00,03,2020-11-13,Friday
819,/EtzionR/fire-kite-analysis,2020,11,13,09,36,35,2020-11-13,Friday
820,/EtzionR/fire-kite-analysis,2020,10,24,19,48,22,2020-10-24,Saturday
821,/EtzionR/fire-kite-analysis,2020,10,24,19,40,12,2020-10-24,Saturday
